category,count,mean,max
entertainment,40,110.675,898
science,11,90.0,397
sports,5,234.2,781
technology,157,116.35031847133757,1112
worldnews,11,167.54545454545453,627
